"7","Elwyn.Skiles","True","inventore aut nihil minima laudantium hic qui omnis"
"7","Elwyn.Skiles","True","provident aut nobis culpa"
"7","Elwyn.Skiles","False","esse et quis iste est earum aut impedit"
"7","Elwyn.Skiles","False","qui consectetur id"
"7","Elwyn.Skiles","False","aut quasi autem iste tempore illum possimus"
"7","Elwyn.Skiles","True","ut asperiores perspiciatis veniam ipsum rerum saepe"
"7","Elwyn.Skiles","True","voluptatem libero consectetur rerum ut"
"7","Elwyn.Skiles","False","eius omnis est qui voluptatem autem"
"7","Elwyn.Skiles","False","rerum culpa quis harum"
"7","Elwyn.Skiles","True","nulla aliquid eveniet harum laborum libero alias ut unde"
"7","Elwyn.Skiles","False","qui ea incidunt quis"
"7","Elwyn.Skiles","True","qui molestiae voluptatibus velit iure harum quisquam"
"7","Elwyn.Skiles","True","et labore eos enim rerum consequatur sunt"
"7","Elwyn.Skiles","False","molestiae doloribus et laborum quod ea"
"7","Elwyn.Skiles","False","facere ipsa nam eum voluptates reiciendis vero qui"
"7","Elwyn.Skiles","False","asperiores illo tempora fuga sed ut quasi adipisci"
"7","Elwyn.Skiles","False","qui sit non"
"7","Elwyn.Skiles","True","placeat minima consequatur rem qui ut"
"7","Elwyn.Skiles","False","consequatur doloribus id possimus voluptas a voluptatem"
"7","Elwyn.Skiles","True","aut consectetur in blanditiis deserunt quia sed laboriosam"
